{
    "id": "relkb2a2",
    "categories": [
        "atlas",
        "ocean",
        "seaweed"
    ],
    "name": "Seaweed",
    "tags": [
        "ocean",
        "beach",
        "sea",
        "archviz",
        "underwater"
    ],
    "environment": {
        "biome": "ocean",
        "region": "South West Australia"
    },
    "averageColor": "#808080",
    "previews": {
        "images": [
            {
                "contentLength": 258086,
                "resolution": "720x720",
                "uri": "relkb2a2_Thumb_Retina.png",
                "tags": [
                    "thumb",
                    "retina"
                ]
            },
            {
                "contentLength": 1124405,
                "resolution": "1760x1760",
                "uri": "relkb2a2_Preview_Retina.png",
                "tags": [
                    "preview",
                    "retina"
                ]
            }
        ],
        "relativeSize": "1x1"
    },
    "properties": [],
    "meta": [
        {
            "key": "scanArea",
            "name": "Scan Area",
            "value": "0.42x0.42 m"
        },
        {
            "key": "height",
            "name": "Height",
            "value": "0.005 m"
        },
        {
            "key": "tileable",
            "name": "Tileable",
            "value": false
        },
        {
            "key": "texelDensity",
            "name": "Texel Density",
            "value": "9662 px/m"
        },
        {
            "key": "calibration",
            "name": "Calibration",
            "value": "X-Rite ColorChecker Classic"
        },
        {
            "key": "scanner",
            "name": "Scanner",
            "value": "AUM-MKII-Stable-V2-Yellow"
        }
    ],
    "points": 1,
    "references": [],
    "version": 2,
    "maps": [
        {
            "type": "albedo",
            "name": "Albedo",
            "minIntensity": 78,
            "maxIntensity": 142,
            "averageColor": "#866C2E",
            "colorSpace": "sRGB",
            "physicalSize": "0.42x0.42",
            "resolution": "4096x4096",
            "mimeType": "image/x-exr",
            "bitDepth": 16,
            "uri": "relkb2a2_4K_Albedo.exr"
        },
        {
            "type": "albedo",
            "name": "Albedo",
            "minIntensity": 78,
            "maxIntensity": 142,
            "averageColor": "#866C2E",
            "colorSpace": "sRGB",
            "physicalSize": "0.42x0.42",
            "resolution": "4096x4096",
            "mimeType": "image/jpeg",
            "bitDepth": 8,
            "uri": "relkb2a2_4K_Albedo.jpg"
        },
        {
            "type": "ao",
            "name": "AO",
            "minIntensity": 246,
            "maxIntensity": 255,
            "averageColor": "#FEFEFE",
            "colorSpace": "sRGB",
            "physicalSize": "0.42x0.42",
            "resolution": "4096x4096",
            "mimeType": "image/x-exr",
            "bitDepth": 32,
            "uri": "relkb2a2_4K_AO.exr"
        },
        {
            "type": "ao",
            "name": "AO",
            "minIntensity": 246,
            "maxIntensity": 255,
            "averageColor": "#FEFEFE",
            "colorSpace": "sRGB",
            "physicalSize": "0.42x0.42",
            "resolution": "4096x4096",
            "mimeType": "image/jpeg",
            "bitDepth": 8,
            "uri": "relkb2a2_4K_AO.jpg"
        },
        {
            "type": "cavity",
            "name": "Cavity",
            "minIntensity": 234,
            "maxIntensity": 255,
            "averageColor": "#FCFCFC",
            "colorSpace": "sRGB",
            "physicalSize": "0.42x0.42",
            "resolution": "4096x4096",
            "mimeType": "image/x-exr",
            "bitDepth": 32,
            "uri": "relkb2a2_4K_Cavity.exr"
        },
        {
            "type": "cavity",
            "name": "Cavity",
            "minIntensity": 234,
            "maxIntensity": 255,
            "averageColor": "#FCFCFC",
            "colorSpace": "sRGB",
            "physicalSize": "0.42x0.42",
            "resolution": "4096x4096",
            "mimeType": "image/jpeg",
            "bitDepth": 8,
            "uri": "relkb2a2_4K_Cavity.jpg"
        },
        {
            "type": "displacement",
            "name": "Displacement",
            "minIntensity": 115,
            "maxIntensity": 142,
            "averageColor": "#808080",
            "colorSpace": "Linear",
            "physicalSize": "0.42x0.42",
            "resolution": "4096x4096",
            "mimeType": "image/x-exr",
            "bitDepth": 32,
            "uri": "relkb2a2_4K_Displacement.exr"
        },
        {
            "type": "displacement",
            "name": "Displacement",
            "minIntensity": 115,
            "maxIntensity": 142,
            "averageColor": "#808080",
            "colorSpace": "Linear",
            "physicalSize": "0.42x0.42",
            "resolution": "4096x4096",
            "mimeType": "image/jpeg",
            "bitDepth": 8,
            "uri": "relkb2a2_4K_Displacement.jpg"
        },
        {
            "type": "bump",
            "name": "Bump",
            "minIntensity": 124,
            "maxIntensity": 134,
            "averageColor": "#818181",
            "colorSpace": "Linear",
            "physicalSize": "0.42x0.42",
            "resolution": "4096x4096",
            "mimeType": "image/x-exr",
            "bitDepth": 32,
            "uri": "relkb2a2_4K_Bump.exr"
        },
        {
            "type": "bump",
            "name": "Bump",
            "minIntensity": 124,
            "maxIntensity": 134,
            "averageColor": "#818181",
            "colorSpace": "Linear",
            "physicalSize": "0.42x0.42",
            "resolution": "4096x4096",
            "mimeType": "image/jpeg",
            "bitDepth": 8,
            "uri": "relkb2a2_4K_Bump.jpg"
        },
        {
            "type": "gloss",
            "name": "Gloss",
            "minIntensity": 0,
            "maxIntensity": 74,
            "averageColor": "#101010",
            "colorSpace": "Linear",
            "physicalSize": "0.42x0.42",
            "resolution": "4096x4096",
            "mimeType": "image/x-exr",
            "bitDepth": 32,
            "uri": "relkb2a2_4K_Gloss.exr"
        },
        {
            "type": "gloss",
            "name": "Gloss",
            "minIntensity": 0,
            "maxIntensity": 74,
            "averageColor": "#101010",
            "colorSpace": "Linear",
            "physicalSize": "0.42x0.42",
            "resolution": "4096x4096",
            "mimeType": "image/jpeg",
            "bitDepth": 8,
            "uri": "relkb2a2_4K_Gloss.jpg"
        },
        {
            "type": "normal",
            "name": "Normal",
            "minIntensity": 133,
            "maxIntensity": 155,
            "averageColor": "#7F81FB",
            "colorSpace": "Linear",
            "physicalSize": "0.42x0.42",
            "resolution": "4096x4096",
            "mimeType": "image/x-exr",
            "bitDepth": 16,
            "uri": "relkb2a2_4K_Normal.exr"
        },
        {
            "type": "normal",
            "name": "Normal",
            "minIntensity": 133,
            "maxIntensity": 155,
            "averageColor": "#7F81FB",
            "colorSpace": "Linear",
            "physicalSize": "0.42x0.42",
            "resolution": "4096x4096",
            "mimeType": "image/jpeg",
            "bitDepth": 8,
            "uri": "relkb2a2_4K_Normal.jpg"
        },
        {
            "type": "roughness",
            "name": "Roughness",
            "minIntensity": 181,
            "maxIntensity": 255,
            "averageColor": "#E9E9E9",
            "colorSpace": "Linear",
            "physicalSize": "0.42x0.42",
            "resolution": "4096x4096",
            "mimeType": "image/x-exr",
            "bitDepth": 32,
            "uri": "relkb2a2_4K_Roughness.exr"
        },
        {
            "type": "roughness",
            "name": "Roughness",
            "minIntensity": 181,
            "maxIntensity": 255,
            "averageColor": "#E9E9E9",
            "colorSpace": "Linear",
            "physicalSize": "0.42x0.42",
            "resolution": "4096x4096",
            "mimeType": "image/jpeg",
            "bitDepth": 8,
            "uri": "relkb2a2_4K_Roughness.jpg"
        },
        {
            "type": "specular",
            "name": "Specular",
            "minIntensity": 47,
            "maxIntensity": 54,
            "averageColor": "#343434",
            "colorSpace": "sRGB",
            "physicalSize": "0.42x0.42",
            "resolution": "4096x4096",
            "mimeType": "image/x-exr",
            "bitDepth": 16,
            "uri": "relkb2a2_4K_Specular.exr"
        },
        {
            "type": "specular",
            "name": "Specular",
            "minIntensity": 47,
            "maxIntensity": 54,
            "averageColor": "#343434",
            "colorSpace": "sRGB",
            "physicalSize": "0.42x0.42",
            "resolution": "4096x4096",
            "mimeType": "image/jpeg",
            "bitDepth": 8,
            "uri": "relkb2a2_4K_Specular.jpg"
        },
        {
            "type": "translucency",
            "name": "Translucency",
            "minIntensity": 62,
            "maxIntensity": 138,
            "averageColor": "#835E19",
            "colorSpace": "sRGB",
            "physicalSize": "0.42x0.42",
            "resolution": "4096x4096",
            "mimeType": "image/x-exr",
            "bitDepth": 16,
            "uri": "relkb2a2_4K_Translucency.exr"
        },
        {
            "type": "translucency",
            "name": "Translucency",
            "minIntensity": 62,
            "maxIntensity": 138,
            "averageColor": "#835E19",
            "colorSpace": "sRGB",
            "physicalSize": "0.42x0.42",
            "resolution": "4096x4096",
            "mimeType": "image/jpeg",
            "bitDepth": 8,
            "uri": "relkb2a2_4K_Translucency.jpg"
        },
        {
            "type": "opacity",
            "name": "Opacity",
            "minIntensity": 0,
            "maxIntensity": 255,
            "averageColor": "#191919",
            "colorSpace": "Linear",
            "physicalSize": "0.42x0.42",
            "resolution": "4096x4096",
            "mimeType": "image/x-exr",
            "bitDepth": 32,
            "uri": "relkb2a2_4K_Opacity.exr"
        },
        {
            "type": "opacity",
            "name": "Opacity",
            "minIntensity": 0,
            "maxIntensity": 255,
            "averageColor": "#191919",
            "colorSpace": "Linear",
            "physicalSize": "0.42x0.42",
            "resolution": "4096x4096",
            "mimeType": "image/jpeg",
            "bitDepth": 8,
            "uri": "relkb2a2_4K_Opacity.jpg"
        }
    ],
    "texelDensity": 9752,
    "physicalSize": "0.42x0.42",
    "displacementScale": 1.331537,
    "displacementBias": 0.338035,
    "displacementCalibrationAccuracy": 0.945362,
    "process_date": "2024-04-18 11:13:48",
    "texture_type": "basic",
    "highest_available_res": 4096,
    "models": [],
    "semanticTags": {
        "minSize": 0.42,
        "theme": [
            "ocean",
            " beach",
            " underwater",
            " branched"
        ],
        "name": "Seaweed",
        "subject_matter": "nature",
        "industry": [
            "archviz",
            "games",
            "VFX"
        ],
        "contains": [
            "seaweed",
            "rhodophyta",
            "phaeophyta",
            "chlorophyta",
            "macroalgae"
        ],
        "maxSize": 0.42,
        "locations": {},
        "environment": [
            "ocean biome"
        ],
        "state": [
            "new",
            "old"
        ],
        "architectural_style": {},
        "interior_exterior": [],
        "resolution": 4096,
        "asset_type": "atlas",
        "orientation": []
    },
    "assetCategories": {
        "atlas": {
            "ocean": {}
        }
    },
    "pack": null,
    "comp_version": 1
}